<?xml version="1.0" encoding="UTF-8"?>
<project-private xmlns="http://www.netbeans.org/ns/project-private/1">
    <editor-bookmarks xmlns="http://www.netbeans.org/ns/editor-bookmarks/2" lastBookmarkId="0"/>
    <open-files xmlns="http://www.netbeans.org/ns/projectui-open-files/2">
        <group>
            <file>file:/home/student/Niroth/Socket%20Programming/ChatRoom/src/chatroom/ServerChatRoom.java</file>
            <file>file:/home/student/Niroth/Socket%20Programming/ChatRoom/src/chatroom/ClientChatRoom.java</file>
            <file>file:/home/student/Niroth/Socket%20Programming/ChatRoom/src/chatroom/ChatRoom.java</file>
        </group>
    </open-files>
</project-private>
